friends,Sinners,Fantastic 4,Superman,Final Destination,Wicked,Weapons
Shadera,1.0,0.5,0.0,,1.0,1.0
Juan,0.6666666666666666,0.3333333333333333,1.0,0.0,0.6666666666666666,
Quana,0.5,1.0,,0.0,0.5,0.5
Marc,0.5,1.0,0.5,0.5,0.0,0.5
Trent,1.0,0.6666666666666666,1.0,0.6666666666666666,0.0,
