friends,Sinners,Fantastic 4,Superman,Final Destination,Wicked,Weapons
Shadera,0.7499999999999997,-0.5000000000000004,-1.7500000000000007,,0.7499999999999997,0.7499999999999997
Juan,0.392232270276368,-0.5883484054145521,1.372812945967288,-1.5689290811054721,0.392232270276368,
Quana,0.0,1.5811388300841895,,-1.5811388300841895,0.0,0.0
Marc,0.0,1.7320508075688774,0.0,0.0,-1.7320508075688774,0.0
Trent,0.9128709291752769,0.0,0.9128709291752769,0.0,-1.8257418583505538,
