origin,hours,mean_wind_speed,max_wind_speed,mean_wind_gust,max_wind_gust
LGA,24,14.96014,23.0156,24.885617500000002,31.07106
JFK,24,14.384749999999999,20.71404,24.58484545454545,27.61872
EWR,24,13.25898695652174,21.86482,25.1733125,31.07106
